index,true_value,recovered_value,absolute_error
30,-4.3,-4.2975,0.0024999999999995026
43,3.2,3.1982,0.0018000000000002458
55,3.2,3.1979,0.0020999999999999908
107,-4.3,-4.2982,0.0018000000000002458
109,3.2,3.198,0.002000000000000224
